{"name":"8694e688-006e-4d02-a2b8-007bbde14b54","id":"/providers/Microsoft.Flow/flows/8694e688-006e-4d02-a2b8-007bbde14b54","type":"Microsoft.Flow/flows","properties":{"apiId":"/providers/Microsoft.PowerApps/apis/shared_logicflows","displayName":"Asset Flow","definition":{"metadata":{"workflowEntityId":null,"processAdvisorMetadata":null,"flowChargedByPaygo":null,"flowclientsuspensionreason":"None","flowclientsuspensiontime":null,"flowclientsuspensionreasondetails":null,"creator":{"id":"bbb14a17-967f-4394-8e0e-54be0e36423d","type":"User","tenantId":"7359f896-71e2-4dae-b8a3-15cdf97f2f10"},"provisioningMethod":"FromDefinition","failureAlertSubscription":true,"clientLastModifiedTime":"2025-06-07T12:12:26.1614259Z","connectionKeySavedTimeKey":"2025-09-07T19:44:02.2456625Z","creationSource":"Portal","modifiedSources":"Portal"},"$schema":"https://schema.management.azure.com/providers/Microsoft.Logic/schemas/2016-06-01/workflowdefinition.json#","contentVersion":"1.0.0.0","parameters":{"$authentication":{"defaultValue":{},"type":"SecureObject"},"$connections":{"defaultValue":{},"type":"Object"}},"triggers":{"When_an_item_is_created_or_modified":{"recurrence":{"frequency":"Minute","interval":5},"splitOn":"@triggerOutputs()?['body/value']","type":"OpenApiConnection","inputs":{"parameters":{"dataset":"https://adityagroup.sharepoint.com/sites/DR_7.0_Data_Specialist_PROJECT","table":"304487b1-bd1f-4b1e-87c4-60149d7ea44b"},"host":{"apiId":"/providers/Microsoft.PowerApps/apis/shared_sharepointonline","connectionName":"shared_sharepointonline","operationId":"GetOnUpdatedItems"},"authentication":"@parameters('$authentication')"}}},"actions":{"Condition":{"actions":{"Send_an_email_(V2)":{"type":"OpenApiConnection","inputs":{"parameters":{"emailMessage/To":"@triggerBody()?['AssignedTo/Email']","emailMessage/Subject":"Asset Assigned: @{triggerBody()?['AssetName']}– @{triggerBody()?['AssetID']}","emailMessage/Body":"<p class=\"editor-paragraph\">Hello @{triggerBody()?['AssignedTo/DisplayName']},</p><p class=\"editor-paragraph\">You have been assigned the following company asset:</p><p class=\"editor-paragraph\">Asset Name: @{triggerBody()?['AssetName']}<br>Asset ID: @{triggerBody()?['AssetID']}</p><p class=\"editor-paragraph\">Assigned Date: @{triggerBody()?['AssignedDate']}</p><p class=\"editor-paragraph\">Return Due Date: @{triggerBody()?['ReturnDueDate']}</p><p class=\"editor-paragraph\">Please ensure proper usage and return by the due date. If an extension is needed, contact the admin.</p><br><p class=\"editor-paragraph\">Regards,</p><p class=\"editor-paragraph\">Asset Management Team.</p>","emailMessage/Importance":"Normal"},"host":{"apiId":"/providers/Microsoft.PowerApps/apis/shared_office365","connectionName":"shared_office365","operationId":"SendEmailV2"},"authentication":"@parameters('$authentication')"}}},"runAfter":{},"else":{"actions":{"Condition_1":{"actions":{"Update_item":{"type":"OpenApiConnection","inputs":{"parameters":{"dataset":"https://adityagroup.sharepoint.com/sites/DR_7.0_Data_Specialist_PROJECT","table":"304487b1-bd1f-4b1e-87c4-60149d7ea44b","id":"@triggerBody()?['ID']","item/Returned":true},"host":{"apiId":"/providers/Microsoft.PowerApps/apis/shared_sharepointonline","connectionName":"shared_sharepointonline","operationId":"PatchItem"},"authentication":"@parameters('$authentication')"}}},"else":{"actions":{"Update_item_1":{"type":"OpenApiConnection","inputs":{"parameters":{"dataset":"https://adityagroup.sharepoint.com/sites/DR_7.0_Data_Specialist_PROJECT","table":"304487b1-bd1f-4b1e-87c4-60149d7ea44b","id":"@triggerBody()?['ID']","item/Returned":false},"host":{"apiId":"/providers/Microsoft.PowerApps/apis/shared_sharepointonline","connectionName":"shared_sharepointonline","operationId":"PatchItem"},"authentication":"@parameters('$authentication')"}}}},"expression":{"and":[{"equals":["@triggerBody()?['Status/Value']","Returned"]}]},"type":"If"}}},"expression":{"and":[{"equals":["@triggerBody()?['Status/Value']","Assigned"]}]},"type":"If"}},"outputs":{}},"connectionReferences":{"shared_sharepointonline":{"connectionName":"shared-sharepointonl-ee3c3438-d80e-4390-8856-775976103796","source":"Embedded","id":"/providers/Microsoft.PowerApps/apis/shared_sharepointonline","tier":"NotSpecified","apiName":"sharepointonline","isProcessSimpleApiReferenceConversionAlreadyDone":false},"shared_office365":{"connectionName":"shared-office365-2eb043eb-76b2-42a1-8dac-d7796bfeadc6","source":"Embedded","id":"/providers/Microsoft.PowerApps/apis/shared_office365","tier":"NotSpecified","apiName":"office365","isProcessSimpleApiReferenceConversionAlreadyDone":false}},"flowFailureAlertSubscribed":false,"isManaged":false}}