{"name":"3632892b-8402-48db-867b-298b7e5912a3","id":"/providers/Microsoft.Flow/flows/3632892b-8402-48db-867b-298b7e5912a3","type":"Microsoft.Flow/flows","properties":{"apiId":"/providers/Microsoft.PowerApps/apis/shared_logicflows","displayName":"Expense Approval Flow","definition":{"metadata":{"workflowEntityId":null,"processAdvisorMetadata":null,"flowChargedByPaygo":null,"flowclientsuspensionreason":"None","flowclientsuspensiontime":null,"flowclientsuspensionreasondetails":null,"creator":{"id":"dea1c172-eaf2-4914-aacd-61d6b2435bd6","type":"User","tenantId":"7359f896-71e2-4dae-b8a3-15cdf97f2f10"},"provisioningMethod":"FromDefinition","failureAlertSubscription":true,"clientLastModifiedTime":"2025-07-28T04:32:00.6925119Z","connectionKeySavedTimeKey":"2025-09-06T09:54:01.5866377Z","creationSource":"Portal","modifiedSources":"Portal"},"$schema":"https://schema.management.azure.com/providers/Microsoft.Logic/schemas/2016-06-01/workflowdefinition.json#","contentVersion":"1.0.0.0","parameters":{"$authentication":{"defaultValue":{},"type":"SecureObject"},"$connections":{"defaultValue":{},"type":"Object"}},"triggers":{"When_an_item_is_created":{"recurrence":{"frequency":"Minute","interval":1},"splitOn":"@triggerOutputs()?['body/value']","type":"OpenApiConnection","inputs":{"parameters":{"dataset":"https://adityagroup.sharepoint.com/sites/DataSpecialist_PROJECT_SPACE_7.0","table":"8c63fbda-3f38-4f39-bbb3-507a2456e661"},"host":{"apiId":"/providers/Microsoft.PowerApps/apis/shared_sharepointonline","connectionName":"shared_sharepointonline-1","operationId":"GetOnNewItems"},"authentication":"@parameters('$authentication')"}}},"actions":{"ApprovalStep":{"runAfter":{},"type":"OpenApiConnectionWebhook","inputs":{"parameters":{"approvalType":"Basic","WebhookApprovalCreationInput/title":"New expense claim by @{triggerBody()?['EmployeeName']} - @{triggerBody()?['EmployeeID']}","WebhookApprovalCreationInput/assignedTo":"23P31A4430@acet.ac.in","WebhookApprovalCreationInput/details":"🧾 Expense Submission Details\n\n👤 Employee: @{triggerBody()?['EmployeeName']}\n🆔 Employee ID: @{triggerBody()?['EmployeeID']}\n🏢 Department: @{triggerBody()?['Department/Value']}\n📅 Date: @{triggerBody()?['DateofExpense']}\n💰 Amount: @{triggerBody()?['Amount']}\n🍱 Expense Type: @{triggerBody()?['ExpenseType/Value']}\n\n📎 [Click here to view the receipt]()\n","WebhookApprovalCreationInput/itemLink":"@triggerBody()?['ReceiptURL']","WebhookApprovalCreationInput/enableNotifications":true,"WebhookApprovalCreationInput/enableReassignment":true},"host":{"apiId":"/providers/Microsoft.PowerApps/apis/shared_approvals","connectionName":"shared_approvals","operationId":"StartAndWaitForAnApproval"},"authentication":"@parameters('$authentication')"}},"Condition":{"actions":{"For_each":{"foreach":"@outputs('ApprovalStep')?['body/responses']","actions":{"Update_item":{"type":"OpenApiConnection","inputs":{"parameters":{"dataset":"https://adityagroup.sharepoint.com/sites/DataSpecialist_PROJECT_SPACE_7.0","table":"8c63fbda-3f38-4f39-bbb3-507a2456e661","id":"@triggerBody()?['ID']","item/Comments":"@{items('For_each')?['comments']} ","item/Status/Value":"Approved"},"host":{"apiId":"/providers/Microsoft.PowerApps/apis/shared_sharepointonline","connectionName":"shared_sharepointonline","operationId":"PatchItem"},"authentication":"@parameters('$authentication')"}}},"type":"Foreach"},"Send_an_email_(V2)":{"runAfter":{"For_each":["Succeeded"]},"type":"OpenApiConnection","inputs":{"parameters":{"emailMessage/To":"@triggerBody()?['EmployeeEmail']","emailMessage/Subject":"✅ Your Expense Claim has been Approved!","emailMessage/Body":"<p class=\"editor-paragraph\">Hello @{triggerBody()?['EmployeeName']},</p><br><p class=\"editor-paragraph\">Your expense reimbursement request has been APPROVED by the manager.</p><br><p class=\"editor-paragraph\">Thanks for your submission!</p>","emailMessage/Importance":"Normal"},"host":{"apiId":"/providers/Microsoft.PowerApps/apis/shared_office365","connectionName":"shared_office365","operationId":"SendEmailV2"},"authentication":"@parameters('$authentication')"}},"Add_a_row_into_a_table":{"runAfter":{"Send_an_email_(V2)":["Succeeded"]},"metadata":{"01XEU2WWH6777OGUW4DRDKRDFDXXIEKPJG":"/Expense_records/Approved.xlsx","tableId":"{88ECC4B2-6CC4-40ED-9565-02006475A945}"},"type":"OpenApiConnection","inputs":{"parameters":{"source":"sites/adityagroup.sharepoint.com,91c4dc37-b05a-4c1c-a3fb-f38ddeb78019,96e1e73b-2ffb-4e8e-8eca-65a1bd690a3a","drive":"b!N9zEkVqwHEyj-_ON3reAGTvn4Zb7L45Ojsplob1pCjq0umpQgDlkTJzV1j6CTzj8","file":"01XEU2WWH6777OGUW4DRDKRDFDXXIEKPJG","table":"{88ECC4B2-6CC4-40ED-9565-02006475A945}","item/Emp_Name":"@triggerBody()?['EmployeeName']","item/Emp_ID":"@triggerBody()?['EmployeeID']","item/Emp_email":"@triggerBody()?['EmployeeEmail']","item/Department":"@triggerBody()?['Department/Value']","item/Expense_type":"@triggerBody()?['ExpenseType/Value']","item/Amount":"@triggerBody()?['Amount']","item/Date_of_expense":"@triggerBody()?['DateofExpense']","item/Description":"@triggerBody()?['Description']","item/URL":"@triggerBody()?['ReceiptURL']"},"host":{"apiId":"/providers/Microsoft.PowerApps/apis/shared_excelonlinebusiness","connectionName":"shared_excelonlinebusiness","operationId":"AddRowV2"},"authentication":"@parameters('$authentication')"}}},"runAfter":{"ApprovalStep":["Succeeded"]},"else":{"actions":{"For_each_1":{"foreach":"@outputs('ApprovalStep')?['body/responses']","actions":{"Update_item_1":{"type":"OpenApiConnection","inputs":{"parameters":{"dataset":"https://adityagroup.sharepoint.com/sites/DataSpecialist_PROJECT_SPACE_7.0","table":"8c63fbda-3f38-4f39-bbb3-507a2456e661","id":"@triggerBody()?['ID']","item/Comments":"@items('For_each_1')?['comments']","item/Status/Value":"Rejected"},"host":{"apiId":"/providers/Microsoft.PowerApps/apis/shared_sharepointonline","connectionName":"shared_sharepointonline","operationId":"PatchItem"},"authentication":"@parameters('$authentication')"}}},"type":"Foreach"},"Add_a_row_into_a_table_1":{"runAfter":{"For_each_2":["Succeeded"]},"metadata":{"01XEU2WWGAQ35TADLVLNG3VZP7HW2JAWWJ":"/Expense_records/Rejected.xlsx","tableId":"{2764E8BE-4F8C-43C5-8FAF-9472237ED65A}"},"type":"OpenApiConnection","inputs":{"parameters":{"source":"sites/adityagroup.sharepoint.com,91c4dc37-b05a-4c1c-a3fb-f38ddeb78019,96e1e73b-2ffb-4e8e-8eca-65a1bd690a3a","drive":"b!N9zEkVqwHEyj-_ON3reAGTvn4Zb7L45Ojsplob1pCjq0umpQgDlkTJzV1j6CTzj8","file":"01XEU2WWGAQ35TADLVLNG3VZP7HW2JAWWJ","table":"{2764E8BE-4F8C-43C5-8FAF-9472237ED65A}","item/Emp_Name":"@triggerBody()?['EmployeeName']","item/Emp_ID":"@triggerBody()?['EmployeeID']","item/Emp_email":"@triggerBody()?['EmployeeEmail']","item/Department":"@triggerBody()?['Department/Value']","item/Expense_type":"@triggerBody()?['ExpenseType/Value']","item/Amount":"@triggerBody()?['Amount']","item/Date_of_expense":"@triggerBody()?['DateofExpense']","item/Description":"@triggerBody()?['Description']","item/URL":"@triggerBody()?['ReceiptURL']"},"host":{"apiId":"/providers/Microsoft.PowerApps/apis/shared_excelonlinebusiness","connectionName":"shared_excelonlinebusiness","operationId":"AddRowV2"},"authentication":"@parameters('$authentication')"}},"For_each_2":{"foreach":"@outputs('ApprovalStep')?['body/responses']","actions":{"Send_an_email_(V2)_1":{"type":"OpenApiConnection","inputs":{"parameters":{"emailMessage/To":"@triggerBody()?['EmployeeEmail']","emailMessage/Subject":"❌ Your Expense Claim has been Rejected","emailMessage/Body":"<p class=\"editor-paragraph\">Hello @{triggerBody()?['EmployeeName']},</p><br><p class=\"editor-paragraph\">Unfortunately, your expense reimbursement request has been REJECTED by the manager.</p><br><p class=\"editor-paragraph\">Please contact with your manager for more details.</p><p class=\"editor-paragraph\"><br>@{items('For_each_2')?['comments']}</p>","emailMessage/Importance":"Normal"},"host":{"apiId":"/providers/Microsoft.PowerApps/apis/shared_office365","connectionName":"shared_office365","operationId":"SendEmailV2"},"authentication":"@parameters('$authentication')"}}},"runAfter":{"For_each_1":["Succeeded"]},"type":"Foreach"}}},"expression":{"and":[{"equals":["@outputs('ApprovalStep')?['body/outcome']","Approve"]}]},"type":"If"}},"outputs":{},"description":""},"connectionReferences":{"shared_sharepointonline-1":{"connectionName":"shared-sharepointonl-ee3c3438-d80e-4390-8856-775976103796","source":"Embedded","id":"/providers/Microsoft.PowerApps/apis/shared_sharepointonline","tier":"NotSpecified","apiName":"sharepointonline","isProcessSimpleApiReferenceConversionAlreadyDone":false},"shared_approvals":{"connectionName":"shared-approvals-078d708a-bf97-4a09-ab7d-f11f5b6976b0","source":"Embedded","id":"/providers/Microsoft.PowerApps/apis/shared_approvals","tier":"NotSpecified","apiName":"approvals","isProcessSimpleApiReferenceConversionAlreadyDone":false},"shared_sharepointonline":{"connectionName":"1b836506ad234c7293ddbcb2dd0c9898","source":"Embedded","id":"/providers/Microsoft.PowerApps/apis/shared_sharepointonline","tier":"NotSpecified","apiName":"sharepointonline","isProcessSimpleApiReferenceConversionAlreadyDone":false},"shared_office365":{"connectionName":"shared-office365-eac8d6bc-469c-4007-8230-6487555836f9","source":"Embedded","id":"/providers/Microsoft.PowerApps/apis/shared_office365","tier":"NotSpecified","apiName":"office365","isProcessSimpleApiReferenceConversionAlreadyDone":false},"shared_excelonlinebusiness":{"connectionName":"shared-excelonlinebu-c7426234-f549-404c-b4c8-c6f1203e3b08","source":"Embedded","id":"/providers/Microsoft.PowerApps/apis/shared_excelonlinebusiness","tier":"NotSpecified","apiName":"excelonlinebusiness","isProcessSimpleApiReferenceConversionAlreadyDone":false}},"flowFailureAlertSubscribed":false,"isManaged":false}}